sample_id,project_id,condition_id,rep,machine,PMID,GEO,CEL_file,baseline,gene_change,change_type,creator,creator-email,run-date,strain-description,growth-stage,temperature,isolate-type,base-media,carbon-source,nitrogen-source,Unnamed: 18,electron-acceptor,supplement,environment
dinI___U_N0025_r1,dinI,U_N0025,1,GPL199 (Faith),,GSE6836,,,b1061,overexpression,Timothy S Gardner,tgardner@bu.edu,01/22/2007,Escherichia coli str. K-12 substr. MG1655,,,,,,,,,,
dinI___U_N0025_r2,dinI,U_N0025,2,GPL199 (Faith),,GSE6836,,,b1061,overexpression,Timothy S Gardner,tgardner@bu.edu,01/22/2007,Escherichia coli str. K-12 substr. MG1655,,,,,,,,,,
dinI___U_N0025_r3,dinI,U_N0025,3,GPL199 (Faith),,GSE6836,,,b1061,overexpression,Timothy S Gardner,tgardner@bu.edu,01/22/2007,Escherichia coli str. K-12 substr. MG1655,,,,,,,,,,
dinP___U_N0025_r1,dinP,U_N0025,1,GPL199 (Faith),,GSE6836,,,b0231,overexpression,Timothy S Gardner,tgardner@bu.edu,01/22/2007,Escherichia coli str. K-12 substr. MG1655,,,,,,,,,,
dinP___U_N0025_r2,dinP,U_N0025,2,GPL199 (Faith),,GSE6836,,,b0231,overexpression,Timothy S Gardner,tgardner@bu.edu,01/22/2007,Escherichia coli str. K-12 substr. MG1655,,,,,,,,,,
dinP___U_N0025_r3,dinP,U_N0025,3,GPL199 (Faith),,GSE6836,,,b0231,overexpression,Timothy S Gardner,tgardner@bu.edu,01/22/2007,Escherichia coli str. K-12 substr. MG1655,,,,,,,,,,
lexA___U_N0025_r1,lexA,U_N0025,1,GPL199 (Faith),,GSE6836,,,b4043,overexpression,Timothy S Gardner,tgardner@bu.edu,01/22/2007,Escherichia coli str. K-12 substr. MG1655,,,,,,,,,,
lexA___U_N0025_r2,lexA,U_N0025,2,GPL199 (Faith),,GSE6836,,,b4043,overexpression,Timothy S Gardner,tgardner@bu.edu,01/22/2007,Escherichia coli str. K-12 substr. MG1655,,,,,,,,,,
lexA___U_N0025_r3,lexA,U_N0025,3,GPL199 (Faith),,GSE6836,,,b4043,overexpression,Timothy S Gardner,tgardner@bu.edu,01/22/2007,Escherichia coli str. K-12 substr. MG1655,,,,,,,,,,
lon___U_N0025_r1,lon,U_N0025,1,GPL199 (Faith),,GSE6836,,,b0439,overexpression,Timothy S Gardner,tgardner@bu.edu,01/22/2007,Escherichia coli str. K-12 substr. MG1655,,,,,,,,,,
lon___U_N0025_r2,lon,U_N0025,2,GPL199 (Faith),,GSE6836,,,b0439,overexpression,Timothy S Gardner,tgardner@bu.edu,01/22/2007,Escherichia coli str. K-12 substr. MG1655,,,,,,,,,,
lon___U_N0025_r3,lon,U_N0025,3,GPL199 (Faith),,GSE6836,,,b0439,overexpression,Timothy S Gardner,tgardner@bu.edu,01/22/2007,Escherichia coli str. K-12 substr. MG1655,,,,,,,,,,
luc___U_N0025_r1,luc,U_N0025,1,GPL199 (Faith),,GSE6836,,,,,Timothy S Gardner,tgardner@bu.edu,01/22/2007,Escherichia coli str. K-12 substr. MG1655,,,,,,,,,,
luc___U_N0025_r2,luc,U_N0025,2,GPL199 (Faith),,GSE6836,,,,,Timothy S Gardner,tgardner@bu.edu,01/22/2007,Escherichia coli str. K-12 substr. MG1655,,,,,,,,,,
luc___U_N0025_r3,luc,U_N0025,3,GPL199 (Faith),,GSE6836,,,,,Timothy S Gardner,tgardner@bu.edu,01/22/2007,Escherichia coli str. K-12 substr. MG1655,,,,,,,,,,
mazF___U_N0025_r1,mazF,U_N0025,1,GPL199 (Faith),,GSE6836,,,b2782,overexpression,Timothy S Gardner,tgardner@bu.edu,01/22/2007,Escherichia coli str. K-12 substr. MG1655,,,,,,,,,,
mazF___U_N0025_r2,mazF,U_N0025,2,GPL199 (Faith),,GSE6836,,,b2782,overexpression,Timothy S Gardner,tgardner@bu.edu,01/22/2007,Escherichia coli str. K-12 substr. MG1655,,,,,,,,,,
mazF___U_N0025_r3,mazF,U_N0025,3,GPL199 (Faith),,GSE6836,,,b2782,overexpression,Timothy S Gardner,tgardner@bu.edu,01/22/2007,Escherichia coli str. K-12 substr. MG1655,,,,,,,,,,
recA___U_N0025_r1,recA,U_N0025,1,GPL199 (Faith),,GSE6836,,,b2699,overexpression,Timothy S Gardner,tgardner@bu.edu,01/22/2007,Escherichia coli str. K-12 substr. MG1655,,,,,,,,,,
recA___U_N0025_r2,recA,U_N0025,2,GPL199 (Faith),,GSE6836,,,b2699,overexpression,Timothy S Gardner,tgardner@bu.edu,01/22/2007,Escherichia coli str. K-12 substr. MG1655,,,,,,,,,,
recA___U_N0025_r3,recA,U_N0025,3,GPL199 (Faith),,GSE6836,,,b2699,overexpression,Timothy S Gardner,tgardner@bu.edu,01/22/2007,Escherichia coli str. K-12 substr. MG1655,,,,,,,,,,
relE___U_N0025_r1,relE,U_N0025,1,GPL199 (Faith),,GSE6836,,,b1563,overexpression,Timothy S Gardner,tgardner@bu.edu,01/22/2007,Escherichia coli str. K-12 substr. MG1655,,,,,,,,,,
relE___U_N0025_r2,relE,U_N0025,2,GPL199 (Faith),,GSE6836,,,b1563,overexpression,Timothy S Gardner,tgardner@bu.edu,01/22/2007,Escherichia coli str. K-12 substr. MG1655,,,,,,,,,,
relE___U_N0025_r3,relE,U_N0025,3,GPL199 (Faith),,GSE6836,,,b1563,overexpression,Timothy S Gardner,tgardner@bu.edu,01/22/2007,Escherichia coli str. K-12 substr. MG1655,,,,,,,,,,
ruvA___U_N0025_r1,ruvA,U_N0025,1,GPL199 (Faith),,GSE6836,,,b1861,overexpression,Timothy S Gardner,tgardner@bu.edu,01/22/2007,Escherichia coli str. K-12 substr. MG1655,,,,,,,,,,
ruvA___U_N0025_r2,ruvA,U_N0025,2,GPL199 (Faith),,GSE6836,,,b1861,overexpression,Timothy S Gardner,tgardner@bu.edu,01/22/2007,Escherichia coli str. K-12 substr. MG1655,,,,,,,,,,
ruvA___U_N0025_r3,ruvA,U_N0025,3,GPL199 (Faith),,GSE6836,,,b1861,overexpression,Timothy S Gardner,tgardner@bu.edu,01/22/2007,Escherichia coli str. K-12 substr. MG1655,,,,,,,,,,
sulA___U_N0025_r1,sulA,U_N0025,1,GPL199 (Faith),,GSE6836,,,b0958,overexpression,Timothy S Gardner,tgardner@bu.edu,01/22/2007,Escherichia coli str. K-12 substr. MG1655,,,,,,,,,,
sulA___U_N0025_r2,sulA,U_N0025,2,GPL199 (Faith),,GSE6836,,,b0958,overexpression,Timothy S Gardner,tgardner@bu.edu,01/22/2007,Escherichia coli str. K-12 substr. MG1655,,,,,,,,,,
sulA___U_N0025_r3,sulA,U_N0025,3,GPL199 (Faith),,GSE6836,,,b0958,overexpression,Timothy S Gardner,tgardner@bu.edu,01/22/2007,Escherichia coli str. K-12 substr. MG1655,,,,,,,,,,
umuD___U_N0025_r1,umuD,U_N0025,1,GPL199 (Faith),,GSE6836,,,b1183,overexpression,Timothy S Gardner,tgardner@bu.edu,01/22/2007,Escherichia coli str. K-12 substr. MG1655,,,,,,,,,,
umuD___U_N0025_r2,umuD,U_N0025,2,GPL199 (Faith),,GSE6836,,,b1183,overexpression,Timothy S Gardner,tgardner@bu.edu,01/22/2007,Escherichia coli str. K-12 substr. MG1655,,,,,,,,,,
umuD___U_N0025_r3,umuD,U_N0025,3,GPL199 (Faith),,GSE6836,,,b1183,overexpression,Timothy S Gardner,tgardner@bu.edu,01/22/2007,Escherichia coli str. K-12 substr. MG1655,,,,,,,,,,
uvrA___U_N0025_r1,uvrA,U_N0025,1,GPL199 (Faith),,GSE6836,,,b4058,overexpression,Timothy S Gardner,tgardner@bu.edu,01/22/2007,Escherichia coli str. K-12 substr. MG1655,,,,,,,,,,
uvrA___U_N0025_r2,uvrA,U_N0025,2,GPL199 (Faith),,GSE6836,,,b4058,overexpression,Timothy S Gardner,tgardner@bu.edu,01/22/2007,Escherichia coli str. K-12 substr. MG1655,,,,,,,,,,
uvrA___U_N0025_r3,uvrA,U_N0025,3,GPL199 (Faith),,GSE6836,,,b4058,overexpression,Timothy S Gardner,tgardner@bu.edu,01/22/2007,Escherichia coli str. K-12 substr. MG1655,,,,,,,,,,
yebF__U_N0075_r1,yebF,U_N0075,1,GPL199 (Faith),,GSE6836,,,b1847,overexpression,Timothy S Gardner,tgardner@bu.edu,01/22/2007,Escherichia coli str. K-12 substr. MG1655,,,,,,,,,,
yebF__U_N0075_r2,yebF,U_N0075,2,GPL199 (Faith),,GSE6836,,,b1847,overexpression,Timothy S Gardner,tgardner@bu.edu,01/22/2007,Escherichia coli str. K-12 substr. MG1655,,,,,,,,,,
yebF__U_N0075_r3,yebF,U_N0075,3,GPL199 (Faith),,GSE6836,,,b1847,overexpression,Timothy S Gardner,tgardner@bu.edu,01/22/2007,Escherichia coli str. K-12 substr. MG1655,,,,,,,,,,
luc___U_N0075_r1,luc,U_N0075,1,GPL199 (Faith),,GSE6836,,,,,Timothy S Gardner,tgardner@bu.edu,01/22/2007,Escherichia coli str. K-12 substr. MG1655,,,,,,,,,,
luc___U_N0075_r2,luc,U_N0075,2,GPL199 (Faith),,GSE6836,,,,,Timothy S Gardner,tgardner@bu.edu,01/22/2007,Escherichia coli str. K-12 substr. MG1655,,,,,,,,,,
luc___U_N0075_r3,luc,U_N0075,3,GPL199 (Faith),,GSE6836,,,,,Timothy S Gardner,tgardner@bu.edu,01/22/2007,Escherichia coli str. K-12 substr. MG1655,,,,,,,,,,
zipA__U_N0075_r1,zipA,U_N0075,1,GPL199 (Faith),,GSE6836,,,b2412,overexpression,Timothy S Gardner,tgardner@bu.edu,01/22/2007,Escherichia coli str. K-12 substr. MG1655,,,,,,,,,,
zipA__U_N0075_r2,zipA,U_N0075,2,GPL199 (Faith),,GSE6836,,,b2412,overexpression,Timothy S Gardner,tgardner@bu.edu,01/22/2007,Escherichia coli str. K-12 substr. MG1655,,,,,,,,,,
zipA__U_N0075_r3,zipA,U_N0075,3,GPL199 (Faith),,GSE6836,,,b2412,overexpression,Timothy S Gardner,tgardner@bu.edu,01/22/2007,Escherichia coli str. K-12 substr. MG1655,,,,,,,,,,
luc___U_N0000_r1,luc,U_N0000,1,GPL199 (Faith),,GSE6836,,,,,Timothy S Gardner,tgardner@bu.edu,01/22/2007,Escherichia coli str. K-12 substr. MG1655,,,,,,,,,,
luc___U_N0000_r2,luc,U_N0000,2,GPL199 (Faith),,GSE6836,,,,,Timothy S Gardner,tgardner@bu.edu,01/22/2007,Escherichia coli str. K-12 substr. MG1655,,,,,,,,,,
luc___U_N0000_r3,luc,U_N0000,3,GPL199 (Faith),,GSE6836,,,,,Timothy S Gardner,tgardner@bu.edu,01/22/2007,Escherichia coli str. K-12 substr. MG1655,,,,,,,,,,
b2618_U_N0075_r1,b2618,U_N0075,1,GPL199 (Faith),,GSE6836,,,b2618,overexpression,Timothy S Gardner,tgardner@bu.edu,01/22/2007,Escherichia coli str. K-12 substr. MG1655,,,,,,,,,,
b2618_U_N0075_r2,b2618,U_N0075,2,GPL199 (Faith),,GSE6836,,,b2618,overexpression,Timothy S Gardner,tgardner@bu.edu,01/22/2007,Escherichia coli str. K-12 substr. MG1655,,,,,,,,,,
b2618_U_N0075_r3,b2618,U_N0075,3,GPL199 (Faith),,GSE6836,,,b2618,overexpression,Timothy S Gardner,tgardner@bu.edu,01/22/2007,Escherichia coli str. K-12 substr. MG1655,,,,,,,,,,
bcp___U_N0075_r1,bcp,U_N0075,1,GPL199 (Faith),,GSE6836,,,b2480,overexpression,Timothy S Gardner,tgardner@bu.edu,01/22/2007,Escherichia coli str. K-12 substr. MG1655,,,,,,,,,,
bcp___U_N0075_r2,bcp,U_N0075,2,GPL199 (Faith),,GSE6836,,,b2480,overexpression,Timothy S Gardner,tgardner@bu.edu,01/22/2007,Escherichia coli str. K-12 substr. MG1655,,,,,,,,,,
bcp___U_N0075_r3,bcp,U_N0075,3,GPL199 (Faith),,GSE6836,,,b2480,overexpression,Timothy S Gardner,tgardner@bu.edu,01/22/2007,Escherichia coli str. K-12 substr. MG1655,,,,,,,,,,
cpxR__U_N0075_r1,cpxR,U_N0075,1,GPL199 (Faith),,GSE6836,,,b3912,overexpression,Timothy S Gardner,tgardner@bu.edu,01/22/2007,Escherichia coli str. K-12 substr. MG1655,,,,,,,,,,
cpxR__U_N0075_r2,cpxR,U_N0075,2,GPL199 (Faith),,GSE6836,,,b3912,overexpression,Timothy S Gardner,tgardner@bu.edu,01/22/2007,Escherichia coli str. K-12 substr. MG1655,,,,,,,,,,
cpxR__U_N0075_r3,cpxR,U_N0075,3,GPL199 (Faith),,GSE6836,,,b3912,overexpression,Timothy S Gardner,tgardner@bu.edu,01/22/2007,Escherichia coli str. K-12 substr. MG1655,,,,,,,,,,
crcB__U_N0075_r1,crcB,U_N0075,1,GPL199 (Faith),,GSE6836,,,b0624,overexpression,Timothy S Gardner,tgardner@bu.edu,01/22/2007,Escherichia coli str. K-12 substr. MG1655,,,,,,,,,,
crcB__U_N0075_r2,crcB,U_N0075,2,GPL199 (Faith),,GSE6836,,,b0624,overexpression,Timothy S Gardner,tgardner@bu.edu,01/22/2007,Escherichia coli str. K-12 substr. MG1655,,,,,,,,,,
crcB__U_N0075_r3,crcB,U_N0075,3,GPL199 (Faith),,GSE6836,,,b0624,overexpression,Timothy S Gardner,tgardner@bu.edu,01/22/2007,Escherichia coli str. K-12 substr. MG1655,,,,,,,,,,
crp___U_N0075_r1,crp,U_N0075,1,GPL199 (Faith),,GSE6836,,,b3357,overexpression,Timothy S Gardner,tgardner@bu.edu,01/22/2007,Escherichia coli str. K-12 substr. MG1655,,,,,,,,,,
crp___U_N0075_r2,crp,U_N0075,2,GPL199 (Faith),,GSE6836,,,b3357,overexpression,Timothy S Gardner,tgardner@bu.edu,01/22/2007,Escherichia coli str. K-12 substr. MG1655,,,,,,,,,,
crp___U_N0075_r3,crp,U_N0075,3,GPL199 (Faith),,GSE6836,,,b3357,overexpression,Timothy S Gardner,tgardner@bu.edu,01/22/2007,Escherichia coli str. K-12 substr. MG1655,,,,,,,,,,
cspF__U_N0075_r1,cspF,U_N0075,1,GPL199 (Faith),,GSE6836,,,b1558,overexpression,Timothy S Gardner,tgardner@bu.edu,01/22/2007,Escherichia coli str. K-12 substr. MG1655,,,,,,,,,,
cspF__U_N0075_r2,cspF,U_N0075,2,GPL199 (Faith),,GSE6836,,,b1558,overexpression,Timothy S Gardner,tgardner@bu.edu,01/22/2007,Escherichia coli str. K-12 substr. MG1655,,,,,,,,,,
cspF__U_N0075_r3,cspF,U_N0075,3,GPL199 (Faith),,GSE6836,,,b1558,overexpression,Timothy S Gardner,tgardner@bu.edu,01/22/2007,Escherichia coli str. K-12 substr. MG1655,,,,,,,,,,
dam___U_N0075_r1,dam,U_N0075,1,GPL199 (Faith),,GSE6836,,,b3387,overexpression,Timothy S Gardner,tgardner@bu.edu,01/22/2007,Escherichia coli str. K-12 substr. MG1655,,,,,,,,,,
dam___U_N0075_r2,dam,U_N0075,2,GPL199 (Faith),,GSE6836,,,b3387,overexpression,Timothy S Gardner,tgardner@bu.edu,01/22/2007,Escherichia coli str. K-12 substr. MG1655,,,,,,,,,,
dam___U_N0075_r3,dam,U_N0075,3,GPL199 (Faith),,GSE6836,,,b3387,overexpression,Timothy S Gardner,tgardner@bu.edu,01/22/2007,Escherichia coli str. K-12 substr. MG1655,,,,,,,,,,
dnaA__U_N0075_r1,dnaA,U_N0075,1,GPL199 (Faith),,GSE6836,,,b3702,overexpression,Timothy S Gardner,tgardner@bu.edu,01/22/2007,Escherichia coli str. K-12 substr. MG1655,,,,,,,,,,
dnaA__U_N0075_r2,dnaA,U_N0075,2,GPL199 (Faith),,GSE6836,,,b3702,overexpression,Timothy S Gardner,tgardner@bu.edu,01/22/2007,Escherichia coli str. K-12 substr. MG1655,,,,,,,,,,
dnaA__U_N0075_r3,dnaA,U_N0075,3,GPL199 (Faith),,GSE6836,,,b3702,overexpression,Timothy S Gardner,tgardner@bu.edu,01/22/2007,Escherichia coli str. K-12 substr. MG1655,,,,,,,,,,
dnaN__U_N0075_r1,dnaN,U_N0075,1,GPL199 (Faith),,GSE6836,,,b3701,overexpression,Timothy S Gardner,tgardner@bu.edu,01/22/2007,Escherichia coli str. K-12 substr. MG1655,,,,,,,,,,
dnaN__U_N0075_r2,dnaN,U_N0075,2,GPL199 (Faith),,GSE6836,,,b3701,overexpression,Timothy S Gardner,tgardner@bu.edu,01/22/2007,Escherichia coli str. K-12 substr. MG1655,,,,,,,,,,
dnaN__U_N0075_r3,dnaN,U_N0075,3,GPL199 (Faith),,GSE6836,,,b3701,overexpression,Timothy S Gardner,tgardner@bu.edu,01/22/2007,Escherichia coli str. K-12 substr. MG1655,,,,,,,,,,
dnaT__U_N0075_r1,dnaT,U_N0075,1,GPL199 (Faith),,GSE6836,,,b4362,overexpression,Timothy S Gardner,tgardner@bu.edu,01/22/2007,Escherichia coli str. K-12 substr. MG1655,,,,,,,,,,
dnaT__U_N0075_r2,dnaT,U_N0075,2,GPL199 (Faith),,GSE6836,,,b4362,overexpression,Timothy S Gardner,tgardner@bu.edu,01/22/2007,Escherichia coli str. K-12 substr. MG1655,,,,,,,,,,
dnaT__U_N0075_r3,dnaT,U_N0075,3,GPL199 (Faith),,GSE6836,,,b4362,overexpression,Timothy S Gardner,tgardner@bu.edu,01/22/2007,Escherichia coli str. K-12 substr. MG1655,,,,,,,,,,
emrR__U_N0075_r1,emrR,U_N0075,1,GPL199 (Faith),,GSE6836,,,b2684,overexpression,Timothy S Gardner,tgardner@bu.edu,01/22/2007,Escherichia coli str. K-12 substr. MG1655,,,,,,,,,,
emrR__U_N0075_r3,emrR,U_N0075,3,GPL199 (Faith),,GSE6836,,,b2684,overexpression,Timothy S Gardner,tgardner@bu.edu,01/22/2007,Escherichia coli str. K-12 substr. MG1655,,,,,,,,,,
era___U_N0075_r1,era,U_N0075,1,GPL199 (Faith),,GSE6836,,,b2566,overexpression,Timothy S Gardner,tgardner@bu.edu,01/22/2007,Escherichia coli str. K-12 substr. MG1655,,,,,,,,,,
era___U_N0075_r2,era,U_N0075,2,GPL199 (Faith),,GSE6836,,,b2566,overexpression,Timothy S Gardner,tgardner@bu.edu,01/22/2007,Escherichia coli str. K-12 substr. MG1655,,,,,,,,,,
era___U_N0075_r3,era,U_N0075,3,GPL199 (Faith),,GSE6836,,,b2566,overexpression,Timothy S Gardner,tgardner@bu.edu,01/22/2007,Escherichia coli str. K-12 substr. MG1655,,,,,,,,,,
fis___U_N0075_r1,fis,U_N0075,1,GPL199 (Faith),,GSE6836,,,b3261,overexpression,Timothy S Gardner,tgardner@bu.edu,01/22/2007,Escherichia coli str. K-12 substr. MG1655,,,,,,,,,,
fis___U_N0075_r2,fis,U_N0075,2,GPL199 (Faith),,GSE6836,,,b3261,overexpression,Timothy S Gardner,tgardner@bu.edu,01/22/2007,Escherichia coli str. K-12 substr. MG1655,,,,,,,,,,
fis___U_N0075_r3,fis,U_N0075,3,GPL199 (Faith),,GSE6836,,,b3261,overexpression,Timothy S Gardner,tgardner@bu.edu,01/22/2007,Escherichia coli str. K-12 substr. MG1655,,,,,,,,,,
fklB__U_N0075_r1,fklB,U_N0075,1,GPL199 (Faith),,GSE6836,,,b4207,overexpression,Timothy S Gardner,tgardner@bu.edu,01/22/2007,Escherichia coli str. K-12 substr. MG1655,,,,,,,,,,
fklB__U_N0075_r2,fklB,U_N0075,2,GPL199 (Faith),,GSE6836,,,b4207,overexpression,Timothy S Gardner,tgardner@bu.edu,01/22/2007,Escherichia coli str. K-12 substr. MG1655,,,,,,,,,,
fklB__U_N0075_r3,fklB,U_N0075,3,GPL199 (Faith),,GSE6836,,,b4207,overexpression,Timothy S Gardner,tgardner@bu.edu,01/22/2007,Escherichia coli str. K-12 substr. MG1655,,,,,,,,,,
folA__U_N0075_r1,folA,U_N0075,1,GPL199 (Faith),,GSE6836,,,b0048,overexpression,Timothy S Gardner,tgardner@bu.edu,01/22/2007,Escherichia coli str. K-12 substr. MG1655,,,,,,,,,,
folA__U_N0075_r2,folA,U_N0075,2,GPL199 (Faith),,GSE6836,,,b0048,overexpression,Timothy S Gardner,tgardner@bu.edu,01/22/2007,Escherichia coli str. K-12 substr. MG1655,,,,,,,,,,
folA__U_N0075_r3,folA,U_N0075,3,GPL199 (Faith),,GSE6836,,,b0048,overexpression,Timothy S Gardner,tgardner@bu.edu,01/22/2007,Escherichia coli str. K-12 substr. MG1655,,,,,,,,,,
galF__U_N0075_r1,galF,U_N0075,1,GPL199 (Faith),,GSE6836,,,b2042,overexpression,Timothy S Gardner,tgardner@bu.edu,01/22/2007,Escherichia coli str. K-12 substr. MG1655,,,,,,,,,,
galF__U_N0075_r2,galF,U_N0075,2,GPL199 (Faith),,GSE6836,,,b2042,overexpression,Timothy S Gardner,tgardner@bu.edu,01/22/2007,Escherichia coli str. K-12 substr. MG1655,,,,,,,,,,
galF__U_N0075_r3,galF,U_N0075,3,GPL199 (Faith),,GSE6836,,,b2042,overexpression,Timothy S Gardner,tgardner@bu.edu,01/22/2007,Escherichia coli str. K-12 substr. MG1655,,,,,,,,,,
gcvR__U_N0075_r1,gcvR,U_N0075,1,GPL199 (Faith),,GSE6836,,,b2479,overexpression,Timothy S Gardner,tgardner@bu.edu,01/22/2007,Escherichia coli str. K-12 substr. MG1655,,,,,,,,,,
gcvR__U_N0075_r2,gcvR,U_N0075,2,GPL199 (Faith),,GSE6836,,,b2479,overexpression,Timothy S Gardner,tgardner@bu.edu,01/22/2007,Escherichia coli str. K-12 substr. MG1655,,,,,,,,,,
gcvR__U_N0075_r3,gcvR,U_N0075,3,GPL199 (Faith),,GSE6836,,,b2479,overexpression,Timothy S Gardner,tgardner@bu.edu,01/22/2007,Escherichia coli str. K-12 substr. MG1655,,,,,,,,,,
gyrA__U_N0075_r1,gyrA,U_N0075,1,GPL199 (Faith),,GSE6836,,,b2231,overexpression,Timothy S Gardner,tgardner@bu.edu,01/22/2007,Escherichia coli str. K-12 substr. MG1655,,,,,,,,,,
gyrA__U_N0075_r2,gyrA,U_N0075,2,GPL199 (Faith),,GSE6836,,,b2231,overexpression,Timothy S Gardner,tgardner@bu.edu,01/22/2007,Escherichia coli str. K-12 substr. MG1655,,,,,,,,,,
gyrA__U_N0075_r3,gyrA,U_N0075,3,GPL199 (Faith),,GSE6836,,,b2231,overexpression,Timothy S Gardner,tgardner@bu.edu,01/22/2007,Escherichia coli str. K-12 substr. MG1655,,,,,,,,,,
gyrI__U_N0075_r1,gyrI,U_N0075,1,GPL199 (Faith),,GSE6836,,,b2009,overexpression,Timothy S Gardner,tgardner@bu.edu,01/22/2007,Escherichia coli str. K-12 substr. MG1655,,,,,,,,,,
gyrI__U_N0075_r2,gyrI,U_N0075,2,GPL199 (Faith),,GSE6836,,,b2009,overexpression,Timothy S Gardner,tgardner@bu.edu,01/22/2007,Escherichia coli str. K-12 substr. MG1655,,,,,,,,,,
gyrI__U_N0075_r3,gyrI,U_N0075,3,GPL199 (Faith),,GSE6836,,,b2009,overexpression,Timothy S Gardner,tgardner@bu.edu,01/22/2007,Escherichia coli str. K-12 substr. MG1655,,,,,,,,,,
hlpA__U_N0075_r1,hlpA,U_N0075,1,GPL199 (Faith),,GSE6836,,,b0179,overexpression,Timothy S Gardner,tgardner@bu.edu,01/22/2007,Escherichia coli str. K-12 substr. MG1655,,,,,,,,,,
hlpA__U_N0075_r2,hlpA,U_N0075,2,GPL199 (Faith),,GSE6836,,,b0179,overexpression,Timothy S Gardner,tgardner@bu.edu,01/22/2007,Escherichia coli str. K-12 substr. MG1655,,,,,,,,,,
hlpA__U_N0075_r3,hlpA,U_N0075,3,GPL199 (Faith),,GSE6836,,,b0179,overexpression,Timothy S Gardner,tgardner@bu.edu,01/22/2007,Escherichia coli str. K-12 substr. MG1655,,,,,,,,,,
holD__U_N0075_r1,holD,U_N0075,1,GPL199 (Faith),,GSE6836,,,b4372,overexpression,Timothy S Gardner,tgardner@bu.edu,01/22/2007,Escherichia coli str. K-12 substr. MG1655,,,,,,,,,,
holD__U_N0075_r2,holD,U_N0075,2,GPL199 (Faith),,GSE6836,,,b4372,overexpression,Timothy S Gardner,tgardner@bu.edu,01/22/2007,Escherichia coli str. K-12 substr. MG1655,,,,,,,,,,
holD__U_N0075_r3,holD,U_N0075,3,GPL199 (Faith),,GSE6836,,,b4372,overexpression,Timothy S Gardner,tgardner@bu.edu,01/22/2007,Escherichia coli str. K-12 substr. MG1655,,,,,,,,,,
hscA__U_N0075_r1,hscA,U_N0075,1,GPL199 (Faith),,GSE6836,,,b2526,overexpression,Timothy S Gardner,tgardner@bu.edu,01/22/2007,Escherichia coli str. K-12 substr. MG1655,,,,,,,,,,
hscA__U_N0075_r2,hscA,U_N0075,2,GPL199 (Faith),,GSE6836,,,b2526,overexpression,Timothy S Gardner,tgardner@bu.edu,01/22/2007,Escherichia coli str. K-12 substr. MG1655,,,,,,,,,,
hscA__U_N0075_r3,hscA,U_N0075,3,GPL199 (Faith),,GSE6836,,,b2526,overexpression,Timothy S Gardner,tgardner@bu.edu,01/22/2007,Escherichia coli str. K-12 substr. MG1655,,,,,,,,,,
IHF___U_N0075_r1,IHF,U_N0075,1,GPL199 (Faith),,GSE6836,,,b1712,overexpression,Timothy S Gardner,tgardner@bu.edu,01/22/2007,Escherichia coli str. K-12 substr. MG1655,,,,,,,,,,
IHF___U_N0075_r3,IHF,U_N0075,3,GPL199 (Faith),,GSE6836,,,b1712,overexpression,Timothy S Gardner,tgardner@bu.edu,01/22/2007,Escherichia coli str. K-12 substr. MG1655,,,,,,,,,,
ldrA__U_N0075_r1,ldrA,U_N0075,1,GPL199 (Faith),,GSE6836,,,b4419,overexpression,Timothy S Gardner,tgardner@bu.edu,01/22/2007,Escherichia coli str. K-12 substr. MG1655,,,,,,,,,,
ldrA__U_N0075_r2,ldrA,U_N0075,2,GPL199 (Faith),,GSE6836,,,b4419,overexpression,Timothy S Gardner,tgardner@bu.edu,01/22/2007,Escherichia coli str. K-12 substr. MG1655,,,,,,,,,,
ldrA__U_N0075_r3,ldrA,U_N0075,3,GPL199 (Faith),,GSE6836,,,b4419,overexpression,Timothy S Gardner,tgardner@bu.edu,01/22/2007,Escherichia coli str. K-12 substr. MG1655,,,,,,,,,,
mcrB__U_N0075_r1,mcrB,U_N0075,1,GPL199 (Faith),,GSE6836,,,b4346,overexpression,Timothy S Gardner,tgardner@bu.edu,01/22/2007,Escherichia coli str. K-12 substr. MG1655,,,,,,,,,,
mcrB__U_N0075_r2,mcrB,U_N0075,2,GPL199 (Faith),,GSE6836,,,b4346,overexpression,Timothy S Gardner,tgardner@bu.edu,01/22/2007,Escherichia coli str. K-12 substr. MG1655,,,,,,,,,,
mcrB__U_N0075_r3,mcrB,U_N0075,3,GPL199 (Faith),,GSE6836,,,b4346,overexpression,Timothy S Gardner,tgardner@bu.edu,01/22/2007,Escherichia coli str. K-12 substr. MG1655,,,,,,,,,,
mcrC__U_N0075_r1,mcrC,U_N0075,1,GPL199 (Faith),,GSE6836,,,b4345,overexpression,Timothy S Gardner,tgardner@bu.edu,01/22/2007,Escherichia coli str. K-12 substr. MG1655,,,,,,,,,,
mcrC__U_N0075_r2,mcrC,U_N0075,2,GPL199 (Faith),,GSE6836,,,b4345,overexpression,Timothy S Gardner,tgardner@bu.edu,01/22/2007,Escherichia coli str. K-12 substr. MG1655,,,,,,,,,,
mcrC__U_N0075_r3,mcrC,U_N0075,3,GPL199 (Faith),,GSE6836,,,b4345,overexpression,Timothy S Gardner,tgardner@bu.edu,01/22/2007,Escherichia coli str. K-12 substr. MG1655,,,,,,,,,,
menB__U_N0075_r1,menB,U_N0075,1,GPL199 (Faith),,GSE6836,,,b2262,overexpression,Timothy S Gardner,tgardner@bu.edu,01/22/2007,Escherichia coli str. K-12 substr. MG1655,,,,,,,,,,
menB__U_N0075_r2,menB,U_N0075,2,GPL199 (Faith),,GSE6836,,,b2262,overexpression,Timothy S Gardner,tgardner@bu.edu,01/22/2007,Escherichia coli str. K-12 substr. MG1655,,,,,,,,,,
menB__U_N0075_r3,menB,U_N0075,3,GPL199 (Faith),,GSE6836,,,b2262,overexpression,Timothy S Gardner,tgardner@bu.edu,01/22/2007,Escherichia coli str. K-12 substr. MG1655,,,,,,,,,,
menC__U_N0075_r1,menC,U_N0075,1,GPL199 (Faith),,GSE6836,,,b2261,overexpression,Timothy S Gardner,tgardner@bu.edu,01/22/2007,Escherichia coli str. K-12 substr. MG1655,,,,,,,,,,
menC__U_N0075_r2,menC,U_N0075,2,GPL199 (Faith),,GSE6836,,,b2261,overexpression,Timothy S Gardner,tgardner@bu.edu,01/22/2007,Escherichia coli str. K-12 substr. MG1655,,,,,,,,,,
menC__U_N0075_r3,menC,U_N0075,3,GPL199 (Faith),,GSE6836,,,b2261,overexpression,Timothy S Gardner,tgardner@bu.edu,01/22/2007,Escherichia coli str. K-12 substr. MG1655,,,,,,,,,,
minD__U_N0075_r1,minD,U_N0075,1,GPL199 (Faith),,GSE6836,,,b1175,overexpression,Timothy S Gardner,tgardner@bu.edu,01/22/2007,Escherichia coli str. K-12 substr. MG1655,,,,,,,,,,
minD__U_N0075_r2,minD,U_N0075,2,GPL199 (Faith),,GSE6836,,,b1175,overexpression,Timothy S Gardner,tgardner@bu.edu,01/22/2007,Escherichia coli str. K-12 substr. MG1655,,,,,,,,,,
minD__U_N0075_r3,minD,U_N0075,3,GPL199 (Faith),,GSE6836,,,b1175,overexpression,Timothy S Gardner,tgardner@bu.edu,01/22/2007,Escherichia coli str. K-12 substr. MG1655,,,,,,,,,,
minE__U_N0075_r1,minE,U_N0075,1,GPL199 (Faith),,GSE6836,,,b1174,overexpression,Timothy S Gardner,tgardner@bu.edu,01/22/2007,Escherichia coli str. K-12 substr. MG1655,,,,,,,,,,
minE__U_N0075_r2,minE,U_N0075,2,GPL199 (Faith),,GSE6836,,,b1174,overexpression,Timothy S Gardner,tgardner@bu.edu,01/22/2007,Escherichia coli str. K-12 substr. MG1655,,,,,,,,,,
minE__U_N0075_r3,minE,U_N0075,3,GPL199 (Faith),,GSE6836,,,b1174,overexpression,Timothy S Gardner,tgardner@bu.edu,01/22/2007,Escherichia coli str. K-12 substr. MG1655,,,,,,,,,,
murI__U_N0075_r1,murI,U_N0075,1,GPL199 (Faith),,GSE6836,,,b3967,overexpression,Timothy S Gardner,tgardner@bu.edu,01/22/2007,Escherichia coli str. K-12 substr. MG1655,,,,,,,,,,
murI__U_N0075_r2,murI,U_N0075,2,GPL199 (Faith),,GSE6836,,,b3967,overexpression,Timothy S Gardner,tgardner@bu.edu,01/22/2007,Escherichia coli str. K-12 substr. MG1655,,,,,,,,,,
murI__U_N0075_r3,murI,U_N0075,3,GPL199 (Faith),,GSE6836,,,b3967,overexpression,Timothy S Gardner,tgardner@bu.edu,01/22/2007,Escherichia coli str. K-12 substr. MG1655,,,,,,,,,,
yoeB__U_N0075_r1,yoeB,U_N0075,1,GPL199 (Faith),,GSE6836,,,b4539,overexpression,Timothy S Gardner,tgardner@bu.edu,01/22/2007,Escherichia coli str. K-12 substr. MG1655,,,,,,,,,,
yoeB__U_N0075_r2,yoeB,U_N0075,2,GPL199 (Faith),,GSE6836,,,b4539,overexpression,Timothy S Gardner,tgardner@bu.edu,01/22/2007,Escherichia coli str. K-12 substr. MG1655,,,,,,,,,,
yoeB__U_N0075_r3,yoeB,U_N0075,3,GPL199 (Faith),,GSE6836,,,b4539,overexpression,Timothy S Gardner,tgardner@bu.edu,01/22/2007,Escherichia coli str. K-12 substr. MG1655,,,,,,,,,,
nrdA__U_N0075_r1,nrdA,U_N0075,1,GPL199 (Faith),,GSE6836,,,b2234,overexpression,Timothy S Gardner,tgardner@bu.edu,01/22/2007,Escherichia coli str. K-12 substr. MG1655,,,,,,,,,,
nrdA__U_N0075_r2,nrdA,U_N0075,2,GPL199 (Faith),,GSE6836,,,b2234,overexpression,Timothy S Gardner,tgardner@bu.edu,01/22/2007,Escherichia coli str. K-12 substr. MG1655,,,,,,,,,,
nrdA__U_N0075_r3,nrdA,U_N0075,3,GPL199 (Faith),,GSE6836,,,b2234,overexpression,Timothy S Gardner,tgardner@bu.edu,01/22/2007,Escherichia coli str. K-12 substr. MG1655,,,,,,,,,,
nrdB__U_N0075_r1,nrdB,U_N0075,1,GPL199 (Faith),,GSE6836,,,b2235,overexpression,Timothy S Gardner,tgardner@bu.edu,01/22/2007,Escherichia coli str. K-12 substr. MG1655,,,,,,,,,,
nrdB__U_N0075_r3,nrdB,U_N0075,3,GPL199 (Faith),,GSE6836,,,b2235,overexpression,Timothy S Gardner,tgardner@bu.edu,01/22/2007,Escherichia coli str. K-12 substr. MG1655,,,,,,,,,,
nupC__U_N0075_r1,nupC,U_N0075,1,GPL199 (Faith),,GSE6836,,,b2393,overexpression,Timothy S Gardner,tgardner@bu.edu,01/22/2007,Escherichia coli str. K-12 substr. MG1655,,,,,,,,,,
nupC__U_N0075_r2,nupC,U_N0075,2,GPL199 (Faith),,GSE6836,,,b2393,overexpression,Timothy S Gardner,tgardner@bu.edu,01/22/2007,Escherichia coli str. K-12 substr. MG1655,,,,,,,,,,
nupC__U_N0075_r3,nupC,U_N0075,3,GPL199 (Faith),,GSE6836,,,b2393,overexpression,Timothy S Gardner,tgardner@bu.edu,01/22/2007,Escherichia coli str. K-12 substr. MG1655,,,,,,,,,,
pyrC__U_N0075_r1,pyrC,U_N0075,1,GPL199 (Faith),,GSE6836,,,b1062,overexpression,Timothy S Gardner,tgardner@bu.edu,01/22/2007,Escherichia coli str. K-12 substr. MG1655,,,,,,,,,,
pyrC__U_N0075_r2,pyrC,U_N0075,2,GPL199 (Faith),,GSE6836,,,b1062,overexpression,Timothy S Gardner,tgardner@bu.edu,01/22/2007,Escherichia coli str. K-12 substr. MG1655,,,,,,,,,,
pyrC__U_N0075_r3,pyrC,U_N0075,3,GPL199 (Faith),,GSE6836,,,b1062,overexpression,Timothy S Gardner,tgardner@bu.edu,01/22/2007,Escherichia coli str. K-12 substr. MG1655,,,,,,,,,,
rimI__U_N0075_r1,rimI,U_N0075,1,GPL199 (Faith),,GSE6836,,,b4373,overexpression,Timothy S Gardner,tgardner@bu.edu,01/22/2007,Escherichia coli str. K-12 substr. MG1655,,,,,,,,,,
rimI__U_N0075_r2,rimI,U_N0075,2,GPL199 (Faith),,GSE6836,,,b4373,overexpression,Timothy S Gardner,tgardner@bu.edu,01/22/2007,Escherichia coli str. K-12 substr. MG1655,,,,,,,,,,
rimI__U_N0075_r3,rimI,U_N0075,3,GPL199 (Faith),,GSE6836,,,b4373,overexpression,Timothy S Gardner,tgardner@bu.edu,01/22/2007,Escherichia coli str. K-12 substr. MG1655,,,,,,,,,,
rstB__U_N0075_r1,rstB,U_N0075,1,GPL199 (Faith),,GSE6836,,,b1609,overexpression,Timothy S Gardner,tgardner@bu.edu,01/22/2007,Escherichia coli str. K-12 substr. MG1655,,,,,,,,,,
rstB__U_N0075_r2,rstB,U_N0075,2,GPL199 (Faith),,GSE6836,,,b1609,overexpression,Timothy S Gardner,tgardner@bu.edu,01/22/2007,Escherichia coli str. K-12 substr. MG1655,,,,,,,,,,
rstB__U_N0075_r3,rstB,U_N0075,3,GPL199 (Faith),,GSE6836,,,b1609,overexpression,Timothy S Gardner,tgardner@bu.edu,01/22/2007,Escherichia coli str. K-12 substr. MG1655,,,,,,,,,,
ruvC__U_N0075_r1,ruvC,U_N0075,1,GPL199 (Faith),,GSE6836,,,b1863,overexpression,Timothy S Gardner,tgardner@bu.edu,01/22/2007,Escherichia coli str. K-12 substr. MG1655,,,,,,,,,,
ruvC__U_N0075_r2,ruvC,U_N0075,2,GPL199 (Faith),,GSE6836,,,b1863,overexpression,Timothy S Gardner,tgardner@bu.edu,01/22/2007,Escherichia coli str. K-12 substr. MG1655,,,,,,,,,,
ruvC__U_N0075_r3,ruvC,U_N0075,3,GPL199 (Faith),,GSE6836,,,b1863,overexpression,Timothy S Gardner,tgardner@bu.edu,01/22/2007,Escherichia coli str. K-12 substr. MG1655,,,,,,,,,,
sbcB__U_N0075_r1,sbcB,U_N0075,1,GPL199 (Faith),,GSE6836,,,b2011,overexpression,Timothy S Gardner,tgardner@bu.edu,01/22/2007,Escherichia coli str. K-12 substr. MG1655,,,,,,,,,,
sbcB__U_N0075_r2,sbcB,U_N0075,2,GPL199 (Faith),,GSE6836,,,b2011,overexpression,Timothy S Gardner,tgardner@bu.edu,01/22/2007,Escherichia coli str. K-12 substr. MG1655,,,,,,,,,,
sbcB__U_N0075_r3,sbcB,U_N0075,3,GPL199 (Faith),,GSE6836,,,b2011,overexpression,Timothy S Gardner,tgardner@bu.edu,01/22/2007,Escherichia coli str. K-12 substr. MG1655,,,,,,,,,,
uspA__U_N0075_r1,uspA,U_N0075,1,GPL199 (Faith),,GSE6836,,,b3495,overexpression,Timothy S Gardner,tgardner@bu.edu,01/22/2007,Escherichia coli str. K-12 substr. MG1655,,,,,,,,,,
uspA__U_N0075_r2,uspA,U_N0075,2,GPL199 (Faith),,GSE6836,,,b3495,overexpression,Timothy S Gardner,tgardner@bu.edu,01/22/2007,Escherichia coli str. K-12 substr. MG1655,,,,,,,,,,
uspA__U_N0075_r3,uspA,U_N0075,3,GPL199 (Faith),,GSE6836,,,b3495,overexpression,Timothy S Gardner,tgardner@bu.edu,01/22/2007,Escherichia coli str. K-12 substr. MG1655,,,,,,,,,,
WT_N0000_r1,WT,N0000,1,GPL199 (Faith),,GSE6836,,TRUE,,,Timothy S Gardner,tgardner@bu.edu,01/22/2007,Escherichia coli str. K-12 substr. MG1655,,,,,,,,,,
WT_N0000_r2,WT,N0000,2,GPL199 (Faith),,GSE6836,,TRUE,,,Timothy S Gardner,tgardner@bu.edu,01/22/2007,Escherichia coli str. K-12 substr. MG1655,,,,,,,,,,
WT_N0025_r1,WT,N0025,1,GPL199 (Faith),,GSE6836,,,,,Timothy S Gardner,tgardner@bu.edu,01/22/2007,Escherichia coli str. K-12 substr. MG1655,,,,,,,,,,
WT_N0025_r2,WT,N0025,2,GPL199 (Faith),,GSE6836,,,,,Timothy S Gardner,tgardner@bu.edu,01/22/2007,Escherichia coli str. K-12 substr. MG1655,,,,,,,,,,
WT_N0050_r1,WT,N0050,1,GPL199 (Faith),,GSE6836,,,,,Timothy S Gardner,tgardner@bu.edu,01/22/2007,Escherichia coli str. K-12 substr. MG1655,,,,,,,,,,
WT_N0050_r2,WT,N0050,2,GPL199 (Faith),,GSE6836,,,,,Timothy S Gardner,tgardner@bu.edu,01/22/2007,Escherichia coli str. K-12 substr. MG1655,,,,,,,,,,
WT_N0075_r1,WT,N0075,1,GPL199 (Faith),,GSE6836,,,,,Timothy S Gardner,tgardner@bu.edu,01/22/2007,Escherichia coli str. K-12 substr. MG1655,,,,,,,,,,
WT_N0075_r2,WT,N0075,2,GPL199 (Faith),,GSE6836,,,,,Timothy S Gardner,tgardner@bu.edu,01/22/2007,Escherichia coli str. K-12 substr. MG1655,,,,,,,,,,
recA_D_N0000_r1,recA,D_N0000,1,GPL199 (Faith),,GSE6836,,,b2699,underexpression,Timothy S Gardner,tgardner@bu.edu,01/22/2007,Escherichia coli str. K-12 substr. MG1655,,,,,,,,,,
recA_D_N0000_r2,recA,D_N0000,2,GPL199 (Faith),,GSE6836,,,b2699,underexpression,Timothy S Gardner,tgardner@bu.edu,01/22/2007,Escherichia coli str. K-12 substr. MG1655,,,,,,,,,,
recA_D_N0050_r1,recA,D_N0050,1,GPL199 (Faith),,GSE6836,,,b2699,underexpression,Timothy S Gardner,tgardner@bu.edu,01/22/2007,Escherichia coli str. K-12 substr. MG1655,,,,,,,,,,
recA_D_N0050_r2,recA,D_N0050,2,GPL199 (Faith),,GSE6836,,,b2699,underexpression,Timothy S Gardner,tgardner@bu.edu,01/22/2007,Escherichia coli str. K-12 substr. MG1655,,,,,,,,,,
recA_D_N1000_r1,recA,D_N1000,1,GPL199 (Faith),,GSE6836,,,b2699,underexpression,Timothy S Gardner,tgardner@bu.edu,01/22/2007,Escherichia coli str. K-12 substr. MG1655,,,,,,,,,,
recA_D_N1000_r2,recA,D_N1000,2,GPL199 (Faith),,GSE6836,,,b2699,underexpression,Timothy S Gardner,tgardner@bu.edu,01/22/2007,Escherichia coli str. K-12 substr. MG1655,,,,,,,,,,
WT_D_N1000_r1,WT,D_N1000,1,GPL199 (Faith),,GSE6836,,,,,Timothy S Gardner,tgardner@bu.edu,01/22/2007,Escherichia coli str. K-12 substr. MG1655,,,,,,,,,,
WT_D_N1000_r2,WT,D_N1000,2,GPL199 (Faith),,GSE6836,,,,,Timothy S Gardner,tgardner@bu.edu,01/22/2007,Escherichia coli str. K-12 substr. MG1655,,,,,,,,,,
luc2_U_N0025_r1,luc2,U_N0025,1,GPL199 (Faith),,GSE6836,,,,,Timothy S Gardner,tgardner@bu.edu,01/22/2007,Escherichia coli str. K-12 substr. MG1655,,,,,,,,,,
luc2_U_N0025_r2,luc2,U_N0025,2,GPL199 (Faith),,GSE6836,,,,,Timothy S Gardner,tgardner@bu.edu,01/22/2007,Escherichia coli str. K-12 substr. MG1655,,,,,,,,,,
luc2_U_N0000_r1,luc2,U_N0000,1,GPL199 (Faith),,GSE6836,,,,,Timothy S Gardner,tgardner@bu.edu,01/22/2007,Escherichia coli str. K-12 substr. MG1655,,,,,,,,,,
luc2_U_N0000_r2,luc2,U_N0000,2,GPL199 (Faith),,GSE6836,,,,,Timothy S Gardner,tgardner@bu.edu,01/22/2007,Escherichia coli str. K-12 substr. MG1655,,,,,,,,,,
T0_N0025_r1,T0,N0025,1,GPL199 (Faith),,GSE6836,,,,,Timothy S Gardner,tgardner@bu.edu,01/22/2007,Escherichia coli str. K-12 substr. MG1655,,,,,,,,,,
T0_N0025_r2,T0,N0025,2,GPL199 (Faith),,GSE6836,,,,,Timothy S Gardner,tgardner@bu.edu,01/22/2007,Escherichia coli str. K-12 substr. MG1655,,,,,,,,,,
T0_N0025_r3,T0,N0025,3,GPL199 (Faith),,GSE6836,,,,,Timothy S Gardner,tgardner@bu.edu,01/22/2007,Escherichia coli str. K-12 substr. MG1655,,,,,,,,,,
T12_N0025_r1,T12,N0025,1,GPL199 (Faith),,GSE6836,,,,,Timothy S Gardner,tgardner@bu.edu,01/22/2007,Escherichia coli str. K-12 substr. MG1655,,,,,,,,,,
T12_N0025_r2,T12,N0025,2,GPL199 (Faith),,GSE6836,,,,,Timothy S Gardner,tgardner@bu.edu,01/22/2007,Escherichia coli str. K-12 substr. MG1655,,,,,,,,,,
T12_N0025_r3,T12,N0025,3,GPL199 (Faith),,GSE6836,,,,,Timothy S Gardner,tgardner@bu.edu,01/22/2007,Escherichia coli str. K-12 substr. MG1655,,,,,,,,,,
T24_N0025_r1,T24,N0025,1,GPL199 (Faith),,GSE6836,,,,,Timothy S Gardner,tgardner@bu.edu,01/22/2007,Escherichia coli str. K-12 substr. MG1655,,,,,,,,,,
T24_N0025_r2,T24,N0025,2,GPL199 (Faith),,GSE6836,,,,,Timothy S Gardner,tgardner@bu.edu,01/22/2007,Escherichia coli str. K-12 substr. MG1655,,,,,,,,,,
T24_N0025_r3,T24,N0025,3,GPL199 (Faith),,GSE6836,,,,,Timothy S Gardner,tgardner@bu.edu,01/22/2007,Escherichia coli str. K-12 substr. MG1655,,,,,,,,,,
T24_N0000_r1,T24,N0000,1,GPL199 (Faith),,GSE6836,,,,,Timothy S Gardner,tgardner@bu.edu,01/22/2007,Escherichia coli str. K-12 substr. MG1655,,,,,,,,,,
T24_N0000_r2,T24,N0000,2,GPL199 (Faith),,GSE6836,,,,,Timothy S Gardner,tgardner@bu.edu,01/22/2007,Escherichia coli str. K-12 substr. MG1655,,,,,,,,,,
T24_N0000_r3,T24,N0000,3,GPL199 (Faith),,GSE6836,,,,,Timothy S Gardner,tgardner@bu.edu,01/22/2007,Escherichia coli str. K-12 substr. MG1655,,,,,,,,,,
T36_N0025_r1,T36,N0025,1,GPL199 (Faith),,GSE6836,,,,,Timothy S Gardner,tgardner@bu.edu,01/22/2007,Escherichia coli str. K-12 substr. MG1655,,,,,,,,,,
T36_N0025_r2,T36,N0025,2,GPL199 (Faith),,GSE6836,,,,,Timothy S Gardner,tgardner@bu.edu,01/22/2007,Escherichia coli str. K-12 substr. MG1655,,,,,,,,,,
T36_N0025_r3,T36,N0025,3,GPL199 (Faith),,GSE6836,,,,,Timothy S Gardner,tgardner@bu.edu,01/22/2007,Escherichia coli str. K-12 substr. MG1655,,,,,,,,,,
T48_N0025_r1,T48,N0025,1,GPL199 (Faith),,GSE6836,,,,,Timothy S Gardner,tgardner@bu.edu,01/22/2007,Escherichia coli str. K-12 substr. MG1655,,,,,,,,,,
T48_N0025_r2,T48,N0025,2,GPL199 (Faith),,GSE6836,,,,,Timothy S Gardner,tgardner@bu.edu,01/22/2007,Escherichia coli str. K-12 substr. MG1655,,,,,,,,,,
T48_N0025_r3,T48,N0025,3,GPL199 (Faith),,GSE6836,,,,,Timothy S Gardner,tgardner@bu.edu,01/22/2007,Escherichia coli str. K-12 substr. MG1655,,,,,,,,,,
T60_N0025_r1,T60,N0025,1,GPL199 (Faith),,GSE6836,,,,,Timothy S Gardner,tgardner@bu.edu,01/22/2007,Escherichia coli str. K-12 substr. MG1655,,,,,,,,,,
T60_N0025_r2,T60,N0025,2,GPL199 (Faith),,GSE6836,,,,,Timothy S Gardner,tgardner@bu.edu,01/22/2007,Escherichia coli str. K-12 substr. MG1655,,,,,,,,,,
T60_N0025_r3,T60,N0025,3,GPL199 (Faith),,GSE6836,,,,,Timothy S Gardner,tgardner@bu.edu,01/22/2007,Escherichia coli str. K-12 substr. MG1655,,,,,,,,,,
T60_N0000_r1,T60,N0000,1,GPL199 (Faith),,GSE6836,,,,,Timothy S Gardner,tgardner@bu.edu,01/22/2007,Escherichia coli str. K-12 substr. MG1655,,,,,,,,,,
T60_N0000_r2,T60,N0000,2,GPL199 (Faith),,GSE6836,,,,,Timothy S Gardner,tgardner@bu.edu,01/22/2007,Escherichia coli str. K-12 substr. MG1655,,,,,,,,,,
T60_N0000_r3,T60,N0000,3,GPL199 (Faith),,GSE6836,,,,,Timothy S Gardner,tgardner@bu.edu,01/22/2007,Escherichia coli str. K-12 substr. MG1655,,,,,,,,,,
ccdB_K12_0_r1,ccdB,K12_0,1,GPL199 (Faith),,GSE6836,,,,,Timothy S Gardner,tgardner@bu.edu,01/22/2007,Escherichia coli str. K-12 substr. MG1655,,,,,,,,,,
ccdB_K12_30_r1,ccdB,K12_30,1,GPL199 (Faith),,GSE6836,,,,,Timothy S Gardner,tgardner@bu.edu,01/22/2007,Escherichia coli str. K-12 substr. MG1655,,,,,,,,,,
ccdB_K12_60_r1,ccdB,K12_60,1,GPL199 (Faith),,GSE6836,,,,,Timothy S Gardner,tgardner@bu.edu,01/22/2007,Escherichia coli str. K-12 substr. MG1655,,,,,,,,,,
ccdB_K12_90_r1,ccdB,K12_90,1,GPL199 (Faith),,GSE6836,,,,,Timothy S Gardner,tgardner@bu.edu,01/22/2007,Escherichia coli str. K-12 substr. MG1655,,,,,,,,,,
ccdB_K12_120_r1,ccdB,K12_120,1,GPL199 (Faith),,GSE6836,,,,,Timothy S Gardner,tgardner@bu.edu,01/22/2007,Escherichia coli str. K-12 substr. MG1655,,,,,,,,,,
lacZ_K12_0_r1,lacZ,K12_0,1,GPL199 (Faith),,GSE6836,,,,,Timothy S Gardner,tgardner@bu.edu,01/22/2007,Escherichia coli str. K-12 substr. MG1655,,,,,,,,,,
lacZ_K12_30_r1,lacZ,K12_30,1,GPL199 (Faith),,GSE6836,,,,,Timothy S Gardner,tgardner@bu.edu,01/22/2007,Escherichia coli str. K-12 substr. MG1655,,,,,,,,,,
lacZ_K12_60_r1,lacZ,K12_60,1,GPL199 (Faith),,GSE6836,,,,,Timothy S Gardner,tgardner@bu.edu,01/22/2007,Escherichia coli str. K-12 substr. MG1655,,,,,,,,,,
lacZ_K12_90_r1,lacZ,K12_90,1,GPL199 (Faith),,GSE6836,,,,,Timothy S Gardner,tgardner@bu.edu,01/22/2007,Escherichia coli str. K-12 substr. MG1655,,,,,,,,,,
lacZ_K12_120_r1,lacZ,K12_120,1,GPL199 (Faith),,GSE6836,,,,,Timothy S Gardner,tgardner@bu.edu,01/22/2007,Escherichia coli str. K-12 substr. MG1655,,,,,,,,,,
lacZ_MG1063_0_r1,lacZ,MG1063_0,1,GPL199 (Faith),,GSE6836,,,,,Timothy S Gardner,tgardner@bu.edu,01/22/2007,Escherichia coli str. K-12 substr. MG1655,,,,,,,,,,
lacZ_MG1063_0_r2,lacZ,MG1063_0,2,GPL199 (Faith),,GSE6836,,,,,Timothy S Gardner,tgardner@bu.edu,01/22/2007,Escherichia coli str. K-12 substr. MG1655,,,,,,,,,,
lacZ_MG1063_30_r1,lacZ,MG1063_30,1,GPL199 (Faith),,GSE6836,,,,,Timothy S Gardner,tgardner@bu.edu,01/22/2007,Escherichia coli str. K-12 substr. MG1655,,,,,,,,,,
lacZ_MG1063_30_r2,lacZ,MG1063_30,2,GPL199 (Faith),,GSE6836,,,,,Timothy S Gardner,tgardner@bu.edu,01/22/2007,Escherichia coli str. K-12 substr. MG1655,,,,,,,,,,
lacZ_MG1063_60_r1,lacZ,MG1063_60,1,GPL199 (Faith),,GSE6836,,,,,Timothy S Gardner,tgardner@bu.edu,01/22/2007,Escherichia coli str. K-12 substr. MG1655,,,,,,,,,,
lacZ_MG1063_60_r2,lacZ,MG1063_60,2,GPL199 (Faith),,GSE6836,,,,,Timothy S Gardner,tgardner@bu.edu,01/22/2007,Escherichia coli str. K-12 substr. MG1655,,,,,,,,,,
lacZ_MG1063_90_r1,lacZ,MG1063_90,1,GPL199 (Faith),,GSE6836,,,,,Timothy S Gardner,tgardner@bu.edu,01/22/2007,Escherichia coli str. K-12 substr. MG1655,,,,,,,,,,
lacZ_MG1063_90_r2,lacZ,MG1063_90,2,GPL199 (Faith),,GSE6836,,,,,Timothy S Gardner,tgardner@bu.edu,01/22/2007,Escherichia coli str. K-12 substr. MG1655,,,,,,,,,,
ccdB_MG1063_0_r1,ccdB,MG1063_0,1,GPL199 (Faith),,GSE6836,,,,,Timothy S Gardner,tgardner@bu.edu,01/22/2007,Escherichia coli str. K-12 substr. MG1655,,,,,,,,,,
ccdB_MG1063_0_r2,ccdB,MG1063_0,2,GPL199 (Faith),,GSE6836,,,,,Timothy S Gardner,tgardner@bu.edu,01/22/2007,Escherichia coli str. K-12 substr. MG1655,,,,,,,,,,
ccdB_MG1063_30_r1,ccdB,MG1063_30,1,GPL199 (Faith),,GSE6836,,,,,Timothy S Gardner,tgardner@bu.edu,01/22/2007,Escherichia coli str. K-12 substr. MG1655,,,,,,,,,,
ccdB_MG1063_30_r2,ccdB,MG1063_30,2,GPL199 (Faith),,GSE6836,,,,,Timothy S Gardner,tgardner@bu.edu,01/22/2007,Escherichia coli str. K-12 substr. MG1655,,,,,,,,,,
ccdB_MG1063_60_r1,ccdB,MG1063_60,1,GPL199 (Faith),,GSE6836,,,,,Timothy S Gardner,tgardner@bu.edu,01/22/2007,Escherichia coli str. K-12 substr. MG1655,,,,,,,,,,
ccdB_MG1063_60_r2,ccdB,MG1063_60,2,GPL199 (Faith),,GSE6836,,,,,Timothy S Gardner,tgardner@bu.edu,01/22/2007,Escherichia coli str. K-12 substr. MG1655,,,,,,,,,,
ccdB_MG1063_90_r1,ccdB,MG1063_90,1,GPL199 (Faith),,GSE6836,,,,,Timothy S Gardner,tgardner@bu.edu,01/22/2007,Escherichia coli str. K-12 substr. MG1655,,,,,,,,,,
ccdB_MG1063_90_r2,ccdB,MG1063_90,2,GPL199 (Faith),,GSE6836,,,,,Timothy S Gardner,tgardner@bu.edu,01/22/2007,Escherichia coli str. K-12 substr. MG1655,,,,,,,,,,
lacZ_W1863_0_r1,lacZ,W1863_0,1,GPL199 (Faith),,GSE6836,,,,,Timothy S Gardner,tgardner@bu.edu,01/22/2007,Escherichia coli str. K-12 substr. MG1655,,,,,,,,,,
lacZ_W1863_30_r1,lacZ,W1863_30,1,GPL199 (Faith),,GSE6836,,,,,Timothy S Gardner,tgardner@bu.edu,01/22/2007,Escherichia coli str. K-12 substr. MG1655,,,,,,,,,,
lacZ_W1863_60_r1,lacZ,W1863_60,1,GPL199 (Faith),,GSE6836,,,,,Timothy S Gardner,tgardner@bu.edu,01/22/2007,Escherichia coli str. K-12 substr. MG1655,,,,,,,,,,
lacZ_W1863_90_r1,lacZ,W1863_90,1,GPL199 (Faith),,GSE6836,,,,,Timothy S Gardner,tgardner@bu.edu,01/22/2007,Escherichia coli str. K-12 substr. MG1655,,,,,,,,,,
ccdB_W1863_0_r1,ccdB,W1863_0,1,GPL199 (Faith),,GSE6836,,,,,Timothy S Gardner,tgardner@bu.edu,01/22/2007,Escherichia coli str. K-12 substr. MG1655,,,,,,,,,,
ccdB_W1863_30_r1,ccdB,W1863_30,1,GPL199 (Faith),,GSE6836,,,,,Timothy S Gardner,tgardner@bu.edu,01/22/2007,Escherichia coli str. K-12 substr. MG1655,,,,,,,,,,
ccdB_W1863_60_r1,ccdB,W1863_60,1,GPL199 (Faith),,GSE6836,,,,,Timothy S Gardner,tgardner@bu.edu,01/22/2007,Escherichia coli str. K-12 substr. MG1655,,,,,,,,,,
ccdB_W1863_90_r1,ccdB,W1863_90,1,GPL199 (Faith),,GSE6836,,,,,Timothy S Gardner,tgardner@bu.edu,01/22/2007,Escherichia coli str. K-12 substr. MG1655,,,,,,,,,,
lacZ_MG1063_120_r1,lacZ,MG1063_120,1,GPL199 (Faith),,GSE6836,,,,,Timothy S Gardner,tgardner@bu.edu,01/22/2007,Escherichia coli str. K-12 substr. MG1655,,,,,,,,,,
ccdB_MG1063_120_r1,ccdB,MG1063_120,1,GPL199 (Faith),,GSE6836,,,,,Timothy S Gardner,tgardner@bu.edu,01/22/2007,Escherichia coli str. K-12 substr. MG1655,,,,,,,,,,
ik_L2_T2.5_r1,ik,L2_T2.5,1,GPL199 (Faith),,GSE6836,,,,,Timothy S Gardner,tgardner@bu.edu,01/22/2007,Escherichia coli str. K-12 substr. MG1655,,,,,,,,,,
ik_L2_T3_r1,ik,L2_T3,1,GPL199 (Faith),,GSE6836,,,,,Timothy S Gardner,tgardner@bu.edu,01/22/2007,Escherichia coli str. K-12 substr. MG1655,,,,,,,,,,
ik_L2_T3.5_r1,ik,L2_T3.5,1,GPL199 (Faith),,GSE6836,,,,,Timothy S Gardner,tgardner@bu.edu,01/22/2007,Escherichia coli str. K-12 substr. MG1655,,,,,,,,,,
ik_L2_T4_r1,ik,L2_T4,1,GPL199 (Faith),,GSE6836,,,,,Timothy S Gardner,tgardner@bu.edu,01/22/2007,Escherichia coli str. K-12 substr. MG1655,,,,,,,,,,
ik_L2_T4.5_r1,ik,L2_T4.5,1,GPL199 (Faith),,GSE6836,,,,,Timothy S Gardner,tgardner@bu.edu,01/22/2007,Escherichia coli str. K-12 substr. MG1655,,,,,,,,,,
ik_L2_T5_r1,ik,L2_T5,1,GPL199 (Faith),,GSE6836,,,,,Timothy S Gardner,tgardner@bu.edu,01/22/2007,Escherichia coli str. K-12 substr. MG1655,,,,,,,,,,
ik_L2_T5.5_r1,ik,L2_T5.5,1,GPL199 (Faith),,GSE6836,,,,,Timothy S Gardner,tgardner@bu.edu,01/22/2007,Escherichia coli str. K-12 substr. MG1655,,,,,,,,,,
ik_L2_T6_r1,ik,L2_T6,1,GPL199 (Faith),,GSE6836,,,,,Timothy S Gardner,tgardner@bu.edu,01/22/2007,Escherichia coli str. K-12 substr. MG1655,,,,,,,,,,
ik_L2_T8_r1,ik,L2_T8,1,GPL199 (Faith),,GSE6836,,,,,Timothy S Gardner,tgardner@bu.edu,01/22/2007,Escherichia coli str. K-12 substr. MG1655,,,,,,,,,,
ik_H2_T2.5_r1,ik,H2_T2.5,1,GPL199 (Faith),,GSE6836,,,,,Timothy S Gardner,tgardner@bu.edu,01/22/2007,Escherichia coli str. K-12 substr. MG1655,,,,,,,,,,
ik_H2_T3_r1,ik,H2_T3,1,GPL199 (Faith),,GSE6836,,,,,Timothy S Gardner,tgardner@bu.edu,01/22/2007,Escherichia coli str. K-12 substr. MG1655,,,,,,,,,,
ik_H2_T3.5_r1,ik,H2_T3.5,1,GPL199 (Faith),,GSE6836,,,,,Timothy S Gardner,tgardner@bu.edu,01/22/2007,Escherichia coli str. K-12 substr. MG1655,,,,,,,,,,
ik_H2_T4_r1,ik,H2_T4,1,GPL199 (Faith),,GSE6836,,,,,Timothy S Gardner,tgardner@bu.edu,01/22/2007,Escherichia coli str. K-12 substr. MG1655,,,,,,,,,,
ik_H2_T4.5_r1,ik,H2_T4.5,1,GPL199 (Faith),,GSE6836,,,,,Timothy S Gardner,tgardner@bu.edu,01/22/2007,Escherichia coli str. K-12 substr. MG1655,,,,,,,,,,
ik_H2_T5_r1,ik,H2_T5,1,GPL199 (Faith),,GSE6836,,,,,Timothy S Gardner,tgardner@bu.edu,01/22/2007,Escherichia coli str. K-12 substr. MG1655,,,,,,,,,,
ik_H2_T5.5_r1,ik,H2_T5.5,1,GPL199 (Faith),,GSE6836,,,,,Timothy S Gardner,tgardner@bu.edu,01/22/2007,Escherichia coli str. K-12 substr. MG1655,,,,,,,,,,
ik_H2_T6_r1,ik,H2_T6,1,GPL199 (Faith),,GSE6836,,,,,Timothy S Gardner,tgardner@bu.edu,01/22/2007,Escherichia coli str. K-12 substr. MG1655,,,,,,,,,,
ik_H2_T8_r1,ik,H2_T8,1,GPL199 (Faith),,GSE6836,,,,,Timothy S Gardner,tgardner@bu.edu,01/22/2007,Escherichia coli str. K-12 substr. MG1655,,,,,,,,,,
